<?xml version = '1.0' encoding = 'UTF-8'?>
<relationalModel class="oracle.dbtools.crest.model.design.relational.RelationalDesign" name="Relational_1" id="2B6D1957-E0CD-D06A-0CB0-2EA11ACD88D4" mainViewID="4A6AA53A-8084-21FF-A8D1-5818252CA440">
<createdBy>PedroHenrique</createdBy>
<createdTime>2017-09-08 18:34:01 UTC</createdTime>
<ownerDesignName>SISIMPORT</ownerDesignName>
<shouldBeOpen>false</shouldBeOpen>
<selectedRDBMSSite>32076570-2523-435C-2E92-BF29817DFF70</selectedRDBMSSite>
</relationalModel>