<?xml version = '1.0' encoding = 'UTF-8'?>
<FKIndexAssociation class="oracle.dbtools.crest.model.design.relational.FKIndexAssociation" directorySegmentName="seg_0" id="48FDAD47-1046-AD3F-9A4A-41703395875D" containerWithKeyObject="B9582B15-2E30-D768-4F9A-2246A01250E0" localFKIndex="1FD24B00-65D6-FF0B-37F6-2F08F9DDB0DE" name="PEDIDOS_PRODUTOS_FK">
<createdBy>PedroHenrique</createdBy>
<createdTime>2017-09-08 20:14:16 UTC</createdTime>
<ownerDesignName>SISIMPORT</ownerDesignName>
<referredTableLongName>PRODUTO</referredTableLongName>
<deleteRule>NO ACTION</deleteRule>
<referredTableID>69D9282F-6A1E-EE98-AFC4-BD5EED00F245</referredTableID>
<keyObject>FDA2A049-AE66-CA18-8C99-14451B802080</keyObject>
<referredKeyID>FDA2A049-AE66-CA18-8C99-14451B802080</referredKeyID>
<mandatory>true</mandatory>
<refColNames>COD</refColNames>
<transferable>true</transferable>
<rely>false</rely>
<columnDependencyConstraintGenerateInDDL>true</columnDependencyConstraintGenerateInDDL>
</FKIndexAssociation>