<?xml version = '1.0' encoding = 'UTF-8'?>
<FKIndexAssociation class="oracle.dbtools.crest.model.design.relational.FKIndexAssociation" directorySegmentName="seg_0" id="FCB94F2C-7E66-692E-050A-8CF796BCDEE5" containerWithKeyObject="B9582B15-2E30-D768-4F9A-2246A01250E0" localFKIndex="19544BC0-30AF-F5E7-C854-BA5CC8D9C5C9" name="PEDIDO_CLIENTES_ATIVOS_FK">
<createdBy>PedroHenrique</createdBy>
<createdTime>2017-09-08 20:16:07 UTC</createdTime>
<ownerDesignName>SISIMPORT</ownerDesignName>
<referredTableLongName>CLIENTES_ATIVOS</referredTableLongName>
<deleteRule>NO ACTION</deleteRule>
<referredTableID>0B7AF2CB-2CD4-A613-C491-DC5D552B5F85</referredTableID>
<keyObject>3C890BDC-FFFE-2596-1141-073920A05C92</keyObject>
<referredKeyID>3C890BDC-FFFE-2596-1141-073920A05C92</referredKeyID>
<mandatory>true</mandatory>
<refColNames>COD</refColNames>
<transferable>true</transferable>
<rely>false</rely>
<columnDependencyConstraintGenerateInDDL>true</columnDependencyConstraintGenerateInDDL>
</FKIndexAssociation>