<?xml version = '1.0' encoding = 'UTF-8'?>
<Table class="oracle.dbtools.crest.model.design.relational.Table" directorySegmentName="seg_0" id="049EDCF9-AC37-E2E2-3246-8ED8270AB472" name="PEDIDO_ARQUIVO">
<createdBy>PedroHenrique</createdBy>
<createdTime>2017-09-08 20:24:57 UTC</createdTime>
<ownerDesignName>SISIMPORT</ownerDesignName>
<ordsAlias>table_24</ordsAlias>
<allowColumnReorder>false</allowColumnReorder>
<existDependencyGenerateInDDl>true</existDependencyGenerateInDDl>
<parsed>true</parsed>
<columns itemClass="oracle.dbtools.crest.model.design.relational.Column">
<Column name="COD" id="23B6488E-1927-A2CF-136E-34E7C171D73A">
<createdBy>PedroHenrique</createdBy>
<createdTime>2017-09-08 20:25:52 UTC</createdTime>
<ownerDesignName>SISIMPORT</ownerDesignName>
<use>0</use>
<ownDataTypeParameters>,,</ownDataTypeParameters>
<autoIncrementColumn>true</autoIncrementColumn>
<autoIncrementCycle>false</autoIncrementCycle>
</Column>
<Column name="COD_PEDIDO" id="F62C94FF-10FA-ADD4-CD41-7EE451BB1366">
<createdBy>PedroHenrique</createdBy>
<createdTime>2017-09-08 20:25:52 UTC</createdTime>
<ownerDesignName>SISIMPORT</ownerDesignName>
<nullsAllowed>true</nullsAllowed>
<use>0</use>
<ownDataTypeParameters>,,</ownDataTypeParameters>
<autoIncrementCycle>false</autoIncrementCycle>
</Column>
<Column name="COD_ARQUIVO" id="694F7435-3CF1-1403-8037-D444582EC150">
<createdBy>PedroHenrique</createdBy>
<createdTime>2017-09-08 20:25:52 UTC</createdTime>
<ownerDesignName>SISIMPORT</ownerDesignName>
<nullsAllowed>true</nullsAllowed>
<use>0</use>
<ownDataTypeParameters>,,</ownDataTypeParameters>
<autoIncrementCycle>false</autoIncrementCycle>
</Column>
</columns>
<indexes itemClass="oracle.dbtools.crest.model.design.relational.Index">
<ind_PK_UK id="780BE41F-1F14-1AA0-3BB2-E0943E2A3F8E" name="PEDIDO_ARQUIVO_PK">
<createdBy>PedroHenrique</createdBy>
<createdTime>2017-09-08 20:25:52 UTC</createdTime>
<ownerDesignName>SISIMPORT</ownerDesignName>
<pk>true</pk>
<indexState>Primary Constraint</indexState>
<isSurrogateKey>false</isSurrogateKey>
<indexColumnUsage>
<colUsage columnID="23B6488E-1927-A2CF-136E-34E7C171D73A"/>
</indexColumnUsage>
</ind_PK_UK>
</indexes>
</Table>