<?xml version = '1.0' encoding = 'UTF-8'?>
<Table class="oracle.dbtools.crest.model.design.relational.Table" directorySegmentName="seg_0" id="45A4B6D5-B540-99BB-4827-415C414E4D2E" name="ARQUIVO">
<createdBy>PedroHenrique</createdBy>
<createdTime>2017-09-08 20:25:55 UTC</createdTime>
<ownerDesignName>SISIMPORT</ownerDesignName>
<ordsAlias>table_25</ordsAlias>
<allowColumnReorder>false</allowColumnReorder>
<existDependencyGenerateInDDl>true</existDependencyGenerateInDDl>
<parsed>true</parsed>
<columns itemClass="oracle.dbtools.crest.model.design.relational.Column">
<Column name="COD" id="12E7DF83-9868-A887-84A4-59AA5F7D16AF">
<createdBy>PedroHenrique</createdBy>
<createdTime>2017-09-08 20:26:15 UTC</createdTime>
<ownerDesignName>SISIMPORT</ownerDesignName>
<useDomainConstraints>false</useDomainConstraints>
<use>1</use>
<logicalDatatype>LOGDT019</logicalDatatype>
<dataTypePrecision>9</dataTypePrecision>
<ownDataTypeParameters>,9,</ownDataTypeParameters>
<autoIncrementColumn>true</autoIncrementColumn>
<autoIncrementCycle>false</autoIncrementCycle>
</Column>
</columns>
<indexes itemClass="oracle.dbtools.crest.model.design.relational.Index">
<ind_PK_UK id="EB800752-28A3-FA2F-7F2C-3DA85FC0EB4F" name="ARQUIVO_PK">
<createdBy>PedroHenrique</createdBy>
<createdTime>2017-09-08 20:26:28 UTC</createdTime>
<ownerDesignName>SISIMPORT</ownerDesignName>
<pk>true</pk>
<indexState>Primary Constraint</indexState>
<isSurrogateKey>false</isSurrogateKey>
<indexColumnUsage>
<colUsage columnID="12E7DF83-9868-A887-84A4-59AA5F7D16AF"/>
</indexColumnUsage>
</ind_PK_UK>
</indexes>
</Table>