<?xml version = '1.0' encoding = 'UTF-8'?>
<Table class="oracle.dbtools.crest.model.design.relational.Table" directorySegmentName="seg_0" id="69D9282F-6A1E-EE98-AFC4-BD5EED00F245" name="PRODUTO">
<createdBy>PedroHenrique</createdBy>
<createdTime>2017-09-08 19:02:38 UTC</createdTime>
<ownerDesignName>SISIMPORT</ownerDesignName>
<ordsAlias>table_9</ordsAlias>
<allowColumnReorder>false</allowColumnReorder>
<existDependencyGenerateInDDl>true</existDependencyGenerateInDDl>
<parsed>true</parsed>
<columns itemClass="oracle.dbtools.crest.model.design.relational.Column">
<Column name="COD" id="5630EA88-22D7-DDC6-397A-2F71F4BE8480">
<createdBy>PedroHenrique</createdBy>
<createdTime>2017-09-08 19:59:50 UTC</createdTime>
<ownerDesignName>SISIMPORT</ownerDesignName>
<useDomainConstraints>false</useDomainConstraints>
<use>1</use>
<logicalDatatype>LOGDT019</logicalDatatype>
<dataTypePrecision>9</dataTypePrecision>
<ownDataTypeParameters>,9,</ownDataTypeParameters>
<autoIncrementCycle>false</autoIncrementCycle>
</Column>
<Column name="COD_PROD" id="F17FF714-AC15-7F85-BFAC-D460429A216C">
<createdBy>PedroHenrique</createdBy>
<createdTime>2017-09-08 20:04:58 UTC</createdTime>
<ownerDesignName>SISIMPORT</ownerDesignName>
<nullsAllowed>true</nullsAllowed>
<useDomainConstraints>false</useDomainConstraints>
<use>1</use>
<logicalDatatype>LOGDT019</logicalDatatype>
<dataTypePrecision>9</dataTypePrecision>
<ownDataTypeParameters>,9,</ownDataTypeParameters>
<autoIncrementCycle>false</autoIncrementCycle>
</Column>
<Column name="PRODUTO" id="422719D4-2FBB-FC32-2E84-68B2E2E5AA4B">
<createdBy>PedroHenrique</createdBy>
<createdTime>2017-09-08 20:01:04 UTC</createdTime>
<ownerDesignName>SISIMPORT</ownerDesignName>
<nullsAllowed>true</nullsAllowed>
<useDomainConstraints>false</useDomainConstraints>
<use>1</use>
<structuredType>47E390DE-0671-C4B1-8428-0F45CBEE18F8</structuredType>
<logicalDatatype>LOGDT024</logicalDatatype>
<dataTypeSize>300 CHAR</dataTypeSize>
<ownDataTypeParameters>300 CHAR,,</ownDataTypeParameters>
<autoIncrementCycle>false</autoIncrementCycle>
</Column>
<Column name="PRECO_TAB" id="B4DC2E02-0416-005F-EB8C-3E687C1D78CB">
<createdBy>PedroHenrique</createdBy>
<createdTime>2017-09-08 20:02:07 UTC</createdTime>
<ownerDesignName>SISIMPORT</ownerDesignName>
<nullsAllowed>true</nullsAllowed>
<useDomainConstraints>false</useDomainConstraints>
<use>1</use>
<logicalDatatype>LOGDT021</logicalDatatype>
<dataTypePrecision>20</dataTypePrecision>
<dataTypeScale>5</dataTypeScale>
<ownDataTypeParameters>,20,5</ownDataTypeParameters>
<autoIncrementCycle>false</autoIncrementCycle>
</Column>
<Column name="PRECO_FINAL" id="EE81943E-CB8A-6D33-60FE-9B4B88B13258">
<createdBy>PedroHenrique</createdBy>
<createdTime>2017-09-08 20:02:26 UTC</createdTime>
<ownerDesignName>SISIMPORT</ownerDesignName>
<nullsAllowed>true</nullsAllowed>
<useDomainConstraints>false</useDomainConstraints>
<use>1</use>
<logicalDatatype>LOGDT021</logicalDatatype>
<dataTypePrecision>20</dataTypePrecision>
<dataTypeScale>5</dataTypeScale>
<ownDataTypeParameters>,20,5</ownDataTypeParameters>
<autoIncrementCycle>false</autoIncrementCycle>
</Column>
<Column name="PRECO_INVOICE" id="E6B61C83-1470-340C-0F65-D8CE60244F99">
<createdBy>PedroHenrique</createdBy>
<createdTime>2017-09-08 20:02:49 UTC</createdTime>
<ownerDesignName>SISIMPORT</ownerDesignName>
<nullsAllowed>true</nullsAllowed>
<useDomainConstraints>false</useDomainConstraints>
<use>1</use>
<logicalDatatype>LOGDT021</logicalDatatype>
<dataTypePrecision>20</dataTypePrecision>
<dataTypeScale>5</dataTypeScale>
<ownDataTypeParameters>,20,5</ownDataTypeParameters>
<autoIncrementCycle>false</autoIncrementCycle>
</Column>
<Column name="COD_CLIENTE" id="656AD767-3EA1-1E3A-792F-92403A816EE2">
<createdBy>PedroHenrique</createdBy>
<createdTime>2017-09-08 20:05:36 UTC</createdTime>
<ownerDesignName>SISIMPORT</ownerDesignName>
<nullsAllowed>true</nullsAllowed>
<useDomainConstraints>false</useDomainConstraints>
<use>1</use>
<logicalDatatype>LOGDT024</logicalDatatype>
<dataTypeSize>300 CHAR</dataTypeSize>
<ownDataTypeParameters>300 CHAR,,</ownDataTypeParameters>
<autoIncrementCycle>false</autoIncrementCycle>
</Column>
<Column name="COD_FABRICANTE" id="FAE0E0D1-D155-8344-D265-50921029E545">
<createdBy>PedroHenrique</createdBy>
<createdTime>2017-09-08 20:06:06 UTC</createdTime>
<ownerDesignName>SISIMPORT</ownerDesignName>
<nullsAllowed>true</nullsAllowed>
<useDomainConstraints>false</useDomainConstraints>
<use>1</use>
<logicalDatatype>LOGDT024</logicalDatatype>
<dataTypeSize>300 CHAR</dataTypeSize>
<ownDataTypeParameters>300 CHAR,,</ownDataTypeParameters>
<autoIncrementCycle>false</autoIncrementCycle>
</Column>
<Column name="MODELO" id="656BDBB5-E07E-2F59-4765-B50A2D635CA7">
<createdBy>PedroHenrique</createdBy>
<createdTime>2017-09-08 20:06:56 UTC</createdTime>
<ownerDesignName>SISIMPORT</ownerDesignName>
<nullsAllowed>true</nullsAllowed>
<useDomainConstraints>false</useDomainConstraints>
<use>1</use>
<logicalDatatype>LOGDT024</logicalDatatype>
<dataTypeSize>300 CHAR</dataTypeSize>
<ownDataTypeParameters>300 CHAR,,</ownDataTypeParameters>
<autoIncrementCycle>false</autoIncrementCycle>
</Column>
<Column name="DESC_INGLES" id="5C4D70A1-510F-D0A7-F45A-065D487E08DE">
<createdBy>PedroHenrique</createdBy>
<createdTime>2017-09-08 20:07:18 UTC</createdTime>
<ownerDesignName>SISIMPORT</ownerDesignName>
<nullsAllowed>true</nullsAllowed>
<useDomainConstraints>false</useDomainConstraints>
<use>1</use>
<logicalDatatype>LOGDT024</logicalDatatype>
<dataTypeSize>1000 CHAR</dataTypeSize>
<ownDataTypeParameters>1000 CHAR,,</ownDataTypeParameters>
<autoIncrementCycle>false</autoIncrementCycle>
</Column>
<Column name="DESC_PORT" id="19FB4C2B-D3B4-9781-87C6-8E76B2EF3E46">
<createdBy>PedroHenrique</createdBy>
<createdTime>2017-09-08 20:07:28 UTC</createdTime>
<ownerDesignName>SISIMPORT</ownerDesignName>
<nullsAllowed>true</nullsAllowed>
<useDomainConstraints>false</useDomainConstraints>
<use>1</use>
<logicalDatatype>LOGDT024</logicalDatatype>
<dataTypeSize>1000 CHAR</dataTypeSize>
<ownDataTypeParameters>1000 CHAR,,</ownDataTypeParameters>
<autoIncrementCycle>false</autoIncrementCycle>
</Column>
<Column name="PESO_BRUTO" id="5E3BE7C6-3377-050B-F0D1-B8DB96B76F2E">
<createdBy>PedroHenrique</createdBy>
<createdTime>2017-09-08 20:08:16 UTC</createdTime>
<ownerDesignName>SISIMPORT</ownerDesignName>
<nullsAllowed>true</nullsAllowed>
<useDomainConstraints>false</useDomainConstraints>
<use>1</use>
<logicalDatatype>LOGDT021</logicalDatatype>
<dataTypePrecision>5</dataTypePrecision>
<dataTypeScale>3</dataTypeScale>
<ownDataTypeParameters>,5,3</ownDataTypeParameters>
<autoIncrementCycle>false</autoIncrementCycle>
</Column>
<Column name="PESO_LIQUIDO" id="E0A8AC33-5D26-3078-0BEB-806C168874AF">
<createdBy>PedroHenrique</createdBy>
<createdTime>2017-09-08 20:09:31 UTC</createdTime>
<ownerDesignName>SISIMPORT</ownerDesignName>
<nullsAllowed>true</nullsAllowed>
<useDomainConstraints>false</useDomainConstraints>
<use>1</use>
<logicalDatatype>LOGDT021</logicalDatatype>
<dataTypePrecision>5</dataTypePrecision>
<dataTypeScale>3</dataTypeScale>
<ownDataTypeParameters>,5,3</ownDataTypeParameters>
<autoIncrementCycle>false</autoIncrementCycle>
</Column>
<Column name="CAIXA_IND" id="0DC1582E-FEB2-CDE6-D4A6-42E0F07B9C37">
<createdBy>PedroHenrique</createdBy>
<createdTime>2017-09-08 20:10:50 UTC</createdTime>
<ownerDesignName>SISIMPORT</ownerDesignName>
<nullsAllowed>true</nullsAllowed>
<useDomainConstraints>false</useDomainConstraints>
<use>1</use>
<logicalDatatype>LOGDT024</logicalDatatype>
<dataTypeSize>300 CHAR</dataTypeSize>
<ownDataTypeParameters>300 CHAR,,</ownDataTypeParameters>
<autoIncrementCycle>false</autoIncrementCycle>
</Column>
<Column name="CAIXA_MASTER" id="F129B65A-0788-26DC-40FF-96A247E25D36">
<createdBy>PedroHenrique</createdBy>
<createdTime>2017-09-08 20:11:05 UTC</createdTime>
<ownerDesignName>SISIMPORT</ownerDesignName>
<nullsAllowed>true</nullsAllowed>
<useDomainConstraints>false</useDomainConstraints>
<use>1</use>
<logicalDatatype>LOGDT024</logicalDatatype>
<dataTypeSize>300 CHAR</dataTypeSize>
<ownDataTypeParameters>300 CHAR,,</ownDataTypeParameters>
<autoIncrementCycle>false</autoIncrementCycle>
</Column>
<Column name="CUBAGEM" id="7327B272-5AF1-BE90-39D0-DDA0E3FAA3BF">
<createdBy>PedroHenrique</createdBy>
<createdTime>2017-09-08 20:11:44 UTC</createdTime>
<ownerDesignName>SISIMPORT</ownerDesignName>
<nullsAllowed>true</nullsAllowed>
<useDomainConstraints>false</useDomainConstraints>
<use>1</use>
<logicalDatatype>LOGDT021</logicalDatatype>
<dataTypePrecision>5</dataTypePrecision>
<dataTypeScale>6</dataTypeScale>
<ownDataTypeParameters>,5,6</ownDataTypeParameters>
<autoIncrementCycle>false</autoIncrementCycle>
</Column>
<Column name="COR" id="1953B848-2F97-6A1F-6B63-523431BE2D70">
<createdBy>PedroHenrique</createdBy>
<createdTime>2017-09-08 20:12:12 UTC</createdTime>
<ownerDesignName>SISIMPORT</ownerDesignName>
<nullsAllowed>true</nullsAllowed>
<useDomainConstraints>false</useDomainConstraints>
<use>1</use>
<logicalDatatype>LOGDT024</logicalDatatype>
<dataTypeSize>300 CHAR</dataTypeSize>
<ownDataTypeParameters>300 CHAR,,</ownDataTypeParameters>
<autoIncrementCycle>false</autoIncrementCycle>
</Column>
</columns>
<indexes itemClass="oracle.dbtools.crest.model.design.relational.Index">
<ind_PK_UK id="FDA2A049-AE66-CA18-8C99-14451B802080" name="PRODUTOS_PK">
<createdBy>PedroHenrique</createdBy>
<createdTime>2017-09-08 20:04:17 UTC</createdTime>
<ownerDesignName>SISIMPORT</ownerDesignName>
<pk>true</pk>
<indexState>Primary Constraint</indexState>
<isSurrogateKey>false</isSurrogateKey>
<indexColumnUsage>
<colUsage columnID="5630EA88-22D7-DDC6-397A-2F71F4BE8480"/>
</indexColumnUsage>
</ind_PK_UK>
</indexes>
</Table>