<?xml version = '1.0' encoding = 'UTF-8'?>
<Table class="oracle.dbtools.crest.model.design.relational.Table" directorySegmentName="seg_0" id="EB685CD6-9247-5F48-FEBD-5BAA1CC09407" name="PARCEIROS">
<createdBy>PedroHenrique</createdBy>
<createdTime>2017-09-08 19:02:09 UTC</createdTime>
<ownerDesignName>SISIMPORT</ownerDesignName>
<ordsAlias>table_7</ordsAlias>
<allowColumnReorder>false</allowColumnReorder>
<existDependencyGenerateInDDl>true</existDependencyGenerateInDDl>
<parsed>true</parsed>
<columns itemClass="oracle.dbtools.crest.model.design.relational.Column">
<Column name="COD" id="AD25F76F-4701-EE43-1D88-42A9B35CA14A">
<createdBy>PedroHenrique</createdBy>
<createdTime>2017-09-08 19:37:51 UTC</createdTime>
<ownerDesignName>SISIMPORT</ownerDesignName>
<useDomainConstraints>false</useDomainConstraints>
<use>1</use>
<logicalDatatype>LOGDT019</logicalDatatype>
<dataTypePrecision>9</dataTypePrecision>
<ownDataTypeParameters>,9,</ownDataTypeParameters>
<autoIncrementColumn>true</autoIncrementColumn>
<autoIncrementCycle>false</autoIncrementCycle>
</Column>
<Column name="EMPRESA" id="F852ACD0-E45C-2F43-0096-73A980A7B7E9">
<createdBy>PedroHenrique</createdBy>
<createdTime>2017-09-08 19:37:51 UTC</createdTime>
<ownerDesignName>SISIMPORT</ownerDesignName>
<nullsAllowed>true</nullsAllowed>
<useDomainConstraints>false</useDomainConstraints>
<use>1</use>
<logicalDatatype>LOGDT024</logicalDatatype>
<dataTypeSize>300 CHAR</dataTypeSize>
<ownDataTypeParameters>300 CHAR,,</ownDataTypeParameters>
<autoIncrementCycle>false</autoIncrementCycle>
</Column>
</columns>
<indexes itemClass="oracle.dbtools.crest.model.design.relational.Index">
<ind_PK_UK id="0FF4371C-5C43-0654-426F-CE421A0F4BC5" name="PARCEIROS_PK">
<createdBy>PedroHenrique</createdBy>
<createdTime>2017-09-08 19:37:51 UTC</createdTime>
<ownerDesignName>SISIMPORT</ownerDesignName>
<pk>true</pk>
<indexState>Primary Constraint</indexState>
<isSurrogateKey>false</isSurrogateKey>
<indexColumnUsage>
<colUsage columnID="AD25F76F-4701-EE43-1D88-42A9B35CA14A"/>
</indexColumnUsage>
</ind_PK_UK>
</indexes>
</Table>